Alabama A & M University,2.39999462201
University of Alabama at Birmingham,3.71380848311
Amridge University,4.18559773215
University of Alabama in Huntsville,3.65675558268
Alabama State University,2.06071290113
The University of Alabama,3.44107347882
Auburn University at Montgomery,3.11546421894
Auburn University,3.86899160691
South University-Montgomery,3.00604658602
Faulkner University,3.43588380005
Jacksonville State University,2.86440444058
University of West Alabama,3.06652655816
University of Mobile,3.21296279927
University of Montevallo,2.66870994112
University of North Alabama,3.0962931093
Oakwood University,2.40322842285
Samford University,3.4540361011
University of South Alabama,3.41483545411
Spring Hill College,3.17822454441
Troy University,3.27377953308
Tuskegee University,2.7098164088
University of Alaska Anchorage,3.08153074942
University of Alaska Fairbanks,2.91094494682
University of Alaska Southeast,2.73062372641
Alaska Pacific University,3.27611023934
Arizona State University-Tempe,3.8079518574
University of Arizona,3.78512770433
Embry-Riddle Aeronautical University-Prescott,3.76507426618
Grand Canyon University,3.99485346871
Northern Arizona University,3.68534817621
Ottawa University-Phoenix,3.91949150545
University of Phoenix-Phoenix Campus,2.64633459573
Prescott College,2.72704666866
Western International University,4.53993779865
University of Arkansas at Little Rock,2.98296247618
University of Arkansas for Medical Sciences,6.1664261896
University of Arkansas,3.37049632918
University of Arkansas at Pine Bluff,2.23768421046
Arkansas State University-Main Campus,2.89886454268
Arkansas Tech University,3.19256403707
University of Arkansas at Monticello,2.9591328716
University of Central Arkansas,3.22918845125
Harding University,2.90232334672
Henderson State University,3.04223281889
Hendrix College,2.66058002467
John Brown University,3.86054531647
Southern Arkansas University Main Campus,3.05490337835
Academy of Art University,2.75751152442
Art Center College of Design,3.16390696691
Azusa Pacific University,3.92562318398
Biola University,3.23372670277
Brooks Institute,2.41718627979
Bryan University,3.71096375611
California Baptist University,3.28089109857
California College of the Arts,2.46875471042
University of California-Hastings College of Law,8.72070911325
California Institute of Technology,4.89796937927
California Lutheran University,3.71555600181
California Polytechnic State University-San Luis Obispo,4.28774567437
Alliant International University,4.03537333389
California State University-Bakersfield,3.86045428718
California State University-Stanislaus,3.53104305008
California State University-San Bernardino,3.64902052359
California State Polytechnic University-Pomona,3.8936881065
California State University-Chico,3.86786481398
California State University-Dominguez Hills,3.90055361148
California State University-Fresno,3.73373954027
California State University-Fullerton,3.70972340612
California State University-East Bay,3.99848616737
California State University-Long Beach,3.72983153559
California State University-Los Angeles,3.75246926549
California State University-Northridge,3.45353834962
California State University-Sacramento,3.72062906949
University of California-Berkeley,4.5999574044
University of California-Davis,3.98475412305
University of California-Irvine,3.74330226966
University of California-Los Angeles,4.24818360991
University of California-Riverside,3.54318969985
University of California-San Diego,3.77375833709
University of California-San Francisco,8.21089008856
University of California-Santa Barbara,3.66134291717
University of California-Santa Cruz,2.86545979925
California Institute of the Arts,2.20370298176
California Maritime Academy,5.42760363995
California Western School of Law,5.13013109191
Chapman University,3.58352322773
Charles R Drew University of Medicine and Science,5.80187264854
Concordia University-Irvine,3.34175505023
San Diego Christian College,2.71205053952
Claremont McKenna College,4.35300592924
Coleman University,4.22447507702
Western University of Health Sciences,8.68725366946
Dominican University of California,3.55190874405
Fresno Pacific University,3.6555460489
Golden Gate University-San Francisco,4.18415838517
Holy Names University,4.55272285958
Humboldt State University,2.80384223589
Humphreys College-Stockton and Modesto Campuses,2.54787285946
Life Pacific College,2.55581716518
University of La Verne,3.88629740913
Laguna College of Art and Design,1.98287514314
La Sierra University,3.77958632244
Loma Linda University,5.50412237556
The Master's College and Seminary,3.32706601155
The Art Institute of California-Argosy University San Francisco,2.98381883091
Loyola Marymount University,3.59452899968
Mills College,2.87601336092
Monterey Institute of International Studies,4.23056144446
Mount St Mary's College,4.13103934176
The National Hispanic University,3.40799029408
National University,4.37473020304
Notre Dame de Namur University,3.49570142932
Occidental College,3.10989723739
Otis College of Art and Design,3.144816467
Hope International University,2.65457541214
Pacific Oaks College,3.39041343188
Pacific Union College,3.49459881511
University of the Pacific,4.50920614532
Pepperdine University,4.04145900821
Point Loma Nazarene University,3.28996830297
University of Redlands,4.01914736198
Argosy University-San Francisco Bay Area,4.33991047671
Samuel Merritt University,6.8287865056
San Diego State University,3.51466684572
University of San Diego,3.48973037902
San Francisco Art Institute,1.77313171431
San Francisco State University,3.35693268252
University of San Francisco,4.08636110938
William Jessup University,3.06178069977
San Jose State University,3.6982725136
Westwood College-Los Angeles,2.55351132585
Santa Clara University,3.97857228611
Scripps College,2.88516229741
Simpson University,2.63069427132
Saint Mary's College of California,3.95870467242
Sonoma State University,3.28110383869
South Baylo University,1.78122915014
Vanguard University of Southern California,3.24476032353
Marshall B Ketchum University,6.30393669918
University of Southern California,4.03955811656
Southwestern Law School,5.69326989526
Westmont College,2.97136669281
Whittier College,2.73712941579
Woodbury University,3.10034870729
Adams State University,2.63125947343
University of Colorado Denver,5.81210297549
University of Colorado Colorado Springs,3.19087382358
University of Colorado Boulder,3.19341720291
Colorado Christian University,3.52869951843
Colorado College,2.59591913196
Colorado School of Mines,4.34467749493
Colorado State University-Fort Collins,3.10644399545
Colorado Technical University-Colorado Springs,3.05885808402
University of Denver,3.51815782364
Colorado Mesa University,2.78647007521
Metropolitan State University of Denver,2.85212256013
Naropa University,1.57589926763
University of Northern Colorado,2.81452733947
Regis University,3.63273067016
Rocky Mountain College of Art and Design,2.26079488397
Colorado State University-Pueblo,2.93631232202
Western State Colorado University,2.77912063312
Albertus Magnus College,3.79225890187
University of Bridgeport,2.9828067486
Central Connecticut State University,3.02414950012
Connecticut College,2.71901661316
University of Connecticut,3.50943247443
Eastern Connecticut State University,2.72182416536
Fairfield University,3.62314504761
University of Hartford,2.90730412199
University of New Haven,3.08962268152
Post University,2.91645636007
Quinnipiac University,3.46512785468
Sacred Heart University,3.15024443204
University of Saint Joseph,3.06319774484
Southern Connecticut State University,2.67166969929
Tri-State College of Acupuncture,3.19030740305
Trinity College,3.32521296897
Wesleyan University,2.99181777206
Western Connecticut State University,3.04978382317
Yale University,4.85570730707
Delaware State University,2.4397643111
University of Delaware,3.33844801204
Goldey-Beacom College,3.20120886012
Wesley College,3.04301916041
Wilmington University,3.26831195692
American University,3.24614138558
Catholic University of America,3.21915024556
University of the District of Columbia,2.99460151516
Gallaudet University,1.8564318121
George Washington University,3.52863150486
Georgetown University,5.03663488588
Howard University,3.20769756177
Strayer University-District of Columbia,3.76466004148
Trinity Washington University,2.93523468605
Barry University,3.65635651654
Bethune-Cookman University,2.22100939494
Lynn University,2.77689098492
Carlos Albizu University-Miami,2.48120399704
University of Central Florida,3.09275825949
Clearwater Christian College,2.74911730819
South University-West Palm Beach,2.58401578587
Embry-Riddle Aeronautical University-Daytona Beach,3.43056390603
Florida Agricultural and Mechanical University,3.04758269044
Florida Atlantic University,3.28689125471
Adventist University of Health Sciences,4.04722752948
Florida Institute of Technology,3.22723292907
Florida International University,3.19748281674
Florida Memorial University,2.01667699078
Florida Southern College,2.93814164096
Florida State University,3.08660090255
University of Florida,3.9113502036
Full Sail University,2.38654470394
AI Miami International University of Art and Design,2.0922812524
Jacksonville University,3.11264678242
Keiser University-Ft Lauderdale,2.42257990207
Trinity International University-Florida,2.42150460223
University of Miami,3.59100071079
University of North Florida,3.31941237663
Northwood University-Florida,3.40771950239
Nova Southeastern University,4.2178427986
Everest University-North Orlando,2.10228527443
Palm Beach Atlantic University,2.89410370053
Rollins College,2.74978708295
Saint Leo University,3.2765704087
Argosy University-Sarasota,4.00830215181
University of South Florida-Main Campus,3.10545774023
St Thomas University,3.55568797324
Stetson University,2.97170039671
Southeastern University,2.31399595051
The University of Tampa,2.81496792273
Trinity Baptist College,2.7403609695
Warner University,3.63941353862
Webber International University,3.01576648741
The University of West Florida,2.99299246327
Albany State University,2.02271613586
Armstrong Atlantic State University,2.75773556609
Clark Atlanta University,2.26986219411
Berry College,2.60153508701
Beulah Heights University,1.6487963264
Brenau University,2.96287026434
Clayton State University,2.76347975799
Columbus State University,2.44198130702
Covenant College,3.08338692031
South University-Savannah,2.51588770142
Emory University,3.89996100716
Fort Valley State University,1.93844896917
Georgia Institute of Technology-Main Campus,4.06111240561
Georgia Southwestern State University,2.73618375494
Georgia College and State University,2.6943234846
Georgia Southern University,2.6641557396
Georgia State University,2.9253533606
University of Georgia,3.29414815498
Kennesaw State University,2.92846947919
LaGrange College,2.60649478493
Life University,2.75776978516
Mercer University,3.70886222086
Oglethorpe University,3.31491206793
Piedmont College,2.82084782985
Reinhardt University,2.59383333117
Savannah College of Art and Design,2.12705499337
Savannah State University,1.91564613511
Shorter University,3.44374905051
Southern Polytechnic State University,3.67850418094
Thomas University,2.61456312922
Valdosta State University,2.61782367959
Wesleyan College,2.43773666392
University of West Georgia,2.59599105047
Chaminade University of Honolulu,2.52316149041
University of Hawaii at Hilo,2.52774937682
University of Hawaii at Manoa,3.11374757054
Hawaii Pacific University,2.9934951894
Boise State University,2.67839698505
Idaho State University,2.68470063695
University of Idaho,2.90554871771
The College of Idaho,2.54192343526
Northwest Nazarene University,2.56067676298
School of the Art Institute of Chicago,1.86694176337
Aurora University,3.18262110365
Bradley University,3.13960279159
Midwestern University-Downers Grove,6.70465255187
Chicago State University,2.24662754147
University of Chicago,4.16808628751
Columbia College-Chicago,2.05086815217
Concordia University-Chicago,2.98681107406
DePaul University,3.18051112068
Eastern Illinois University,2.72567852645
Elmhurst College,3.29667348201
Governors State University,3.05769499791
Greenville College,2.65316453112
Harrington College of Design,2.72937411789
Rosalind Franklin University of Medicine and Science,4.32834269564
University of Illinois at Chicago,3.38371842128
Benedictine University,3.22154503491
Illinois College of Optometry,5.72673938672
University of Illinois at Urbana-Champaign,3.54012269767
Illinois Institute of Technology,3.99897409457
Argosy University-Chicago,3.90752162483
Illinois State University,2.82960725459
Judson University,2.70798346829
Lake Forest College,2.78531503984
Lewis University,3.04016847805
Lincoln Christian University,2.05579485718
Loyola University Chicago,2.98856762212
McKendree University,3.03168222763
Millikin University,2.72816572659
National Louis University,3.73593070154
National University of Health Sciences,3.69272851602
North Central College,2.75814832633
North Park University,2.69004402076
Northern Illinois University,2.89617795083
Northwestern University,3.8071287925
Northeastern Illinois University,2.54837489264
Olivet Nazarene University,2.54779056758
Quincy University,2.39776750034
Robert Morris University Illinois,2.46774760693
Rockford University,2.52101121366
Roosevelt University,2.72499113983
Dominican University,2.98485084646
Rush University,4.32352434659
University of St Francis,3.14944916043
Saint Xavier University,3.01980523066
University of Illinois at Springfield,2.83280164652
Southern Illinois University-Carbondale,2.83466383255
Southern Illinois University-Edwardsville,2.77834475668
Trinity International University-Illinois,2.3777914635
Western Illinois University,2.71325563127
Wheaton College,2.57029917901
Anderson University,2.20324812807
Ball State University,2.52609375551
Bethel College-Indiana,2.45003675781
Butler University,3.61216154133
Calumet College of Saint Joseph,3.38901495111
Earlham College,1.87771215709
University of Evansville,2.68899039863
Goshen College,2.42063299011
Grace College and Theological Seminary,2.29004954563
Huntington University,2.18059340234
Indiana University-Purdue University-Fort Wayne,2.41950416517
Indiana University-Purdue University-Indianapolis,2.66685936086
University of Indianapolis,2.62976673408
Indiana Institute of Technology,2.98587385654
University of Southern Indiana,2.46652521765
Indiana State University,2.69504736212
Indiana University-Kokomo,2.48418317602
Indiana University-South Bend,2.5328621376
Indiana University-Bloomington,2.80310183872
Indiana University-Northwest,2.31408171625
Indiana University-Southeast,2.34841559174
Indiana University-East,2.22010918795
ITT Technical Institute-Indianapolis,2.48041981003
Manchester University,2.43753814003
Marian University,2.73688606974
Indiana Wesleyan University,3.35977898895
Martin University,1.77992402382
University of Notre Dame,4.04331871413
Oakland City University,2.72898209365
Purdue University-Calumet Campus,2.47673349377
Purdue University-North Central Campus,2.33629879919
Rose-Hulman Institute of Technology,4.02635638802
University of Saint Francis-Fort Wayne,2.95731162319
Saint Josephs College,2.58582711333
Saint Mary-of-the-Woods College,2.10121954876
Taylor University,2.28895070307
Trine University,2.91180811073
Valparaiso University,2.92351472592
Allen College,3.57560740718
Briar Cliff University,2.74315183368
Buena Vista University,2.56835893561
Clarke University,2.71702573011
Coe College,2.70046240932
Dordt College,2.4437836108
Drake University,3.60576328712
University of Dubuque,2.48641467511
Faith Baptist Bible College and Theological Seminary,2.3416800774
Graceland University-Lamoni,2.67561616777
Grand View University,2.63670372019
Kaplan University-Mason City Campus,2.41470610012
Kaplan University-Cedar Rapids Campus,2.41095131585
Iowa State University,2.99576052068
University of Iowa,3.2659757542
Loras College,2.62333274277
Maharishi University of Management,1.65017987144
Morningside College,2.53959369125
Mount Mercy University,2.77084714569
Ashford University,1.94195740624
University of Northern Iowa,2.75438327998
Des Moines University-Osteopathic Medical Center,6.28747321447
Palmer College of Chiropractic-Davenport,3.25471835412
Saint Ambrose University,2.76675703802
Simpson College,2.78457368603
Upper Iowa University,2.72553139278
William Penn University,3.03299061309
Baker University,3.52240785539
Benedictine College,2.41593946955
Emporia State University,2.52105853774
Fort Hays State University,2.69582126553
Barclay College,1.92985908975
Friends University,3.17751510752
University of Kansas,2.914248459
Newman University,2.79006196481
Kansas State University,2.9368930193
Kansas Wesleyan University,2.53445132701
MidAmerica Nazarene University,2.97667073679
Ottawa University-Ottawa,3.17499682529
Ottawa University-Kansas City,3.17490265648
Pittsburg State University,2.77369088388
University of Saint Mary,2.53708631766
Southwestern College,2.80747633429
Tabor College,2.50832457437
Washburn University,2.71592577827
Wichita State University,2.68866366023
Asbury University,2.1632659852
Bellarmine University,2.72703922948
Brescia University,2.45959046864
Campbellsville University,2.13743876405
University of the Cumberlands,2.36919036946
Eastern Kentucky University,2.29527873581
Georgetown College,2.61029758697
Kentucky State University,1.93473153698
University of Kentucky,2.93444308305
Kentucky Christian University,2.02274591437
Lindsey Wilson College,1.87290956674
University of Louisville,2.64466026717
Midway College,2.68216667632
Morehead State University,2.21228046389
Murray State University,2.36368299826
Northern Kentucky University,2.43838199539
University of Pikeville,2.38813274238
Saint Catharine College,2.34280265256
Spalding University,2.81153371585
Sullivan University,2.25675609283
Thomas More College,3.25011685237
Union College,2.40745953655
Western Kentucky University,2.22300322541
Centenary College of Louisiana,2.41307135214
Grambling State University,1.61736127588
Louisiana State University Health Sciences Center-New Orleans,4.45815478276
Louisiana State University and Agricultural & Mechanical College,2.99662419911
Louisiana State University-Shreveport,2.60981832514
Louisiana College,2.63351644265
Louisiana Tech University,2.68771447833
Loyola University New Orleans,2.39518072699
McNeese State University,2.4963687331
University of New Orleans,2.41434535161
Nicholls State University,2.24129893715
University of Louisiana at Monroe,2.54544706429
Northwestern State University of Louisiana,2.34489181111
Our Lady of Holy Cross College,2.68500460395
Our Lady of the Lake College,3.19174112577
Southeastern Louisiana University,2.20281660545
Southern University and A & M College,1.70665326974
Southern University at New Orleans,1.48041882639
University of Louisiana at Lafayette,2.37018140716
Tulane University of Louisiana,2.90544787476
Xavier University of Louisiana,3.1505809238
College of the Atlantic,1.36162948208
Husson University,2.50266071088
University of Maine at Farmington,1.9068763778
University of Maine,2.46445976222
Maine Maritime Academy,4.24135628351
University of New England,2.78269656552
Maine College of Art,1.31704034596
Saint Joseph's College of Maine,2.44038449
University of Southern Maine,2.35598370253
Thomas College,2.31736643253
University of Baltimore,3.5929973323
Bowie State University,2.79639572218
Capitol College,3.43353953055
Washington Adventist University,3.24202356248
Coppin State University,2.47261075347
Frostburg State University,2.5141276498
Goucher College,2.24593674841
Kaplan University-Hagerstown Campus,1.76952856168
Hood College,2.47604637524
Johns Hopkins University,4.02041818383
Loyola University Maryland,3.12880923885
University of Maryland-University College,3.14982639703
University of Maryland-Baltimore,5.17301008339
University of Maryland-Baltimore County,2.9811536026
University of Maryland-College Park,3.30539288299
Maryland Institute College of Art,1.85307272964
University of Maryland Eastern Shore,2.38012559936
Morgan State University,2.30828127177
Mount St Mary's University,3.02014435105
Notre Dame of Maryland University,2.7652033928
Salisbury University,2.96275896283
St Mary's College of Maryland,2.56481937588
Sojourner-Douglass College,2.24270086305
St John's College,1.81389943536
Towson University,2.9590597372
Stevenson University,3.09476992288
Washington College,2.57155940266
McDaniel College,2.51620672313
American International College,2.57372332224
Anna Maria College,2.63610874553
Assumption College,2.84795615614
Babson College,4.38530458587
Bay Path College,2.79896950645
Bentley University,3.47152714427
Boston Architectural College,2.43334693288
Boston College,3.46816974953
The Boston Conservatory,1.75234199049
Boston University,2.83609260935
Brandeis University,2.94080297161
Bridgewater State University,2.44138272432
Cambridge College,2.65292284202
Clark University,2.34598456514
Curry College,2.65673954551
Eastern Nazarene College,3.05344714572
Emerson College,2.19940984817
Emmanuel College,2.94697527983
Endicott College,2.42733404805
Fitchburg State University,2.57607096395
Framingham State University,2.45379803897
Gordon College,2.00912068659
Harvard University,5.78903223645
Lasell College,2.16058137873
Lesley University,2.26752611842
University of Massachusetts-Lowell,2.85630856738
University of Massachusetts-Amherst,2.62809378696
University of Massachusetts-Boston,2.81630843019
MCPHS University,6.36120915946
Massachusetts College of Art and Design,1.68886447712
Massachusetts Institute of Technology,5.17515775878
Massachusetts Maritime Academy,3.83663184859
Merrimack College,2.801727121
Mount Holyoke College,2.32193527996
Mount Ida College,2.04234779353
School of the Museum of Fine Arts-Boston,1.62948614875
The New England Conservatory of Music,1.71629718606
New England College of Optometry,6.1168914995
Nichols College,2.75620566038
Massachusetts College of Liberal Arts,2.26076448346
Northeastern University,3.12541437071
College of Our Lady of the Elms,2.35837457487
Pine Manor College,1.97930308729
Regis College,2.28336063581
Salem State University,2.46835381723
Simmons College,2.81032538536
Smith College,2.34793032786
Springfield College,2.78036158614
University of Massachusetts-Dartmouth,2.46247831593
Suffolk University,2.65825820534
Tufts University,3.37268939845
Wentworth Institute of Technology,3.0078829405
Western New England University,3.12451941638
Westfield State University,2.51002574745
Wheelock College,1.98036307919
Williams College,3.26233841009
Worcester Polytechnic Institute,3.53638776602
Worcester State University,2.50686747643
Andrews University,2.27634924521
Aquinas College,2.27221111925
Baker College of Owosso,2.0043725608
Baker College of Flint,2.00429477386
Calvin College,2.43399718857
Central Michigan University,2.33727464083
Cleary University,3.56967894849
College for Creative Studies,2.2827739322
Davenport University,2.00784800164
University of Detroit Mercy,2.59643299319
Eastern Michigan University,2.23773793499
Ferris State University,2.42192930145
Kettering University,3.93997454615
Cornerstone University,2.3115681001
Grand Valley State University,2.31964331684
Lake Superior State University,2.20476234903
Lawrence Technological University,3.09206303985
Madonna University,2.54001457291
Marygrove College,1.9220225487
Rochester College,2.24931713706
University of Michigan-Ann Arbor,3.463098453
Michigan State University,2.72901353094
Michigan Technological University,3.18085594897
University of Michigan-Dearborn,2.98876869529
University of Michigan-Flint,2.50004641907
Baker College of Muskegon,2.0168696545
Northern Michigan University,2.10951312293
Northwood University-Michigan,2.96565535606
Oakland University,2.55804958196
Olivet College,2.0116531025
Kuyper College,1.72190999061
Saginaw Valley State University,2.24600029519
Siena Heights University,2.51161622673
Spring Arbor University,2.61815599856
Walsh College of Accountancy and Business Administration,3.51301471381
Wayne State University,2.59731948127
Western Michigan University,2.43427182239
Augsburg College,2.59221384159
Bemidji State University,2.27893167695
Bethel University,2.64536454835
Bethel Seminary-St Paul,2.64518153734
Concordia College at Moorhead,2.34101904241
Concordia University-Saint Paul,2.84461372387
Martin Luther College,2.13776528588
Globe University-Woodbury,2.22887888753
Hamline University,2.6733428011
Minnesota State University-Mankato,2.58663356211
Argosy University-Twin Cities,3.54732885734
Metropolitan State University,2.74540976995
University of Minnesota-Twin Cities,2.83063782987
Minneapolis College of Art and Design,1.91932332779
University of Minnesota-Duluth,2.57511434978
Minnesota School of Business-Richfield,2.15608331656
Minnesota State University-Moorhead,2.30342074044
University of Northwestern-St Paul,2.23239602047
Northwestern Health Sciences University,2.82795311732
Saint Cloud State University,2.51518752585
Saint Johns University,2.96183252143
Saint Mary's University of Minnesota,2.68099973969
Crown College,2.18100258249
The College of Saint Scholastica,2.91583177772
University of St Thomas,2.78812355372
St Catherine University,2.63205856033
Southwest Minnesota State University,2.21507158818
Winona State University,2.51182590052
Alcorn State University,1.94807798377
Belhaven University,2.48075590813
Blue Mountain College,1.98397019776
Delta State University,2.2379122313
Jackson State University,1.76551825965
Millsaps College,2.48111376468
University of Mississippi,2.80863317963
University of Mississippi Medical Center,2.81883365728
Mississippi University for Women,2.39359962823
Mississippi Valley State University,1.53427699152
Mississippi College,2.51883461019
Mississippi State University,2.58937102448
University of Southern Mississippi,2.41604330667
William Carey University,2.27725210221
Avila University,2.53115456738
Baptist Bible College,1.74761902774
Cox College,2.84917724196
Calvary Bible College and Theological Seminary,2.18937648725
University of Central Missouri,2.32043523153
Cleveland University-Kansas City,2.54426857052
Columbia College,2.40068299383
Drury University,2.02108807668
Evangel University,1.99587964227
Fontbonne University,2.53501317597
Hannibal-LaGrange University,2.14372454667
Barnes-Jewish College Goldfarb School of Nursing,3.5090025117
Lincoln University,1.90942537666
Lindenwood University,2.53137662576
Logan University,2.89113148504
Maryville University of Saint Louis,2.71825228598
Missouri Baptist University,2.11170635866
Missouri Southern State University,2.16330196031
Missouri Valley College,2.07837800264
Missouri Western State University,2.15960281087
University of Missouri-Columbia,2.69953568555
University of Missouri-Kansas City,2.79574472244
Missouri University of Science and Technology,3.35933869922
University of Missouri-St Louis,2.40263767819
Truman State University,2.44023670883
Northwest Missouri State University,2.42751213096
Park University,2.9764383422
Research College of Nursing,3.46318699067
Rockhurst University,2.66916974583
Saint Louis University,2.75849718442
St Louis College of Pharmacy,6.23743484626
Southwest Baptist University,2.00429910838
Stephens College,1.71053941559
Southeast Missouri State University,2.2683636523
Missouri State University-Springfield,2.30320883402
Washington University in St Louis,3.44430325784
Webster University,2.59137576577
William Woods University,2.38205890436
Montana State University-Billings,2.07342829107
University of Great Falls,1.79454201928
Montana Tech of the University of Montana,2.72137275271
Montana State University,2.35748679957
The University of Montana,2.10452241168
Montana State University-Northern,2.2850801037
Rocky Mountain College,2.44562716187
Bellevue University,3.53638077945
Clarkson College,3.13805328261
Bryan College of Health Sciences,3.37421592305
Chadron State College,2.28078479472
Concordia University-Nebraska,2.28018272618
Creighton University,3.13276860155
Grace University,2.13063201412
Hastings College,2.352342257
University of Nebraska at Kearney,2.29516674253
Kaplan University-Lincoln Campus,2.13568761624
Nebraska Methodist College of Nursing & Allied Health,2.8908919403
Midland University,2.3909229808
University of Nebraska at Omaha,2.42331197258
Kaplan University-Omaha Campus,2.14162425182
University of Nebraska Medical Center,4.28791849625
Nebraska Wesleyan University,2.40741462783
University of Nebraska-Lincoln,2.55356427628
Peru State College,2.18059888405
College of Saint Mary,2.37339481805
Union College,2.36678023189
Wayne State College,2.2488912778
University of Nevada-Las Vegas,2.71516058748
University of Nevada-Reno,2.67189389883
Great Basin College,2.02547171282
Sierra Nevada College,2.35124584528
Daniel Webster College,3.09792322062
Dartmouth College,3.62141881787
Franklin Pierce University,2.20398090941
New England College,1.9077164881
Southern New Hampshire University,2.45145035322
University of New Hampshire-Main Campus,2.31352753034
Keene State College,2.12948228023
Plymouth State University,2.04616128463
Rivier University,2.48404353848
Granite State College,2.08731953766
Beth Medrash Govoha,1.79983203551
Bloomfield College,2.13972106536
Caldwell College,2.35555136876
Centenary College,2.3165059524
Drew University,2.24249994821
Fairleigh Dickinson University-Metropolitan Campus,2.59517154674
Felician College,2.49904166059
Fairleigh Dickinson University-College at Florham,2.57817119721
Georgian Court University,2.37782827742
Rowan University,2.55978622226
New Jersey City University,2.61858495709
Kean University,2.54264211297
Monmouth University,2.53585415246
Montclair State University,2.54522663633
New Jersey Institute of Technology,3.20294233451
Princeton University,4.311926186
Ramapo College of New Jersey,2.57328924406
Rider University,2.4428801418
Rutgers University-Camden,2.90059765195
Rutgers University-New Brunswick,2.83885736692
Rutgers University-Newark,2.90059756736
Saint Peter's University,2.43170452187
Seton Hall University,2.91900593704
College of Saint Elizabeth,2.4468221109
Stevens Institute of Technology,3.60877451798
The Richard Stockton College of New Jersey,2.45355639495
Thomas Edison State College,3.08983834781
The College of New Jersey,2.88036931863
William Paterson University of New Jersey,2.57771136104
Eastern New Mexico University-Main Campus,1.8047982334
New Mexico Highlands University,2.12518900547
New Mexico Institute of Mining and Technology,2.74140157368
University of New Mexico-Main Campus,2.09845810126
New Mexico State University-Main Campus,2.05627586625
Santa Fe University of Art and Design,2.22227066175
University of the Southwest,2.3916658595
Western New Mexico University,1.83852932889
Vaughn College of Aeronautics and Technology,2.73068206609
Adelphi University,2.68669829199
Albany College of Pharmacy and Health Sciences,6.10526051118
Alfred University,2.33819805331
Bard College,1.28259070788
Boricua College,2.07558880258
Brooklyn Law School,5.80720863429
Canisius College,2.28846197771
Central Yeshiva Tomchei Tmimim Lubavitz,1.08136498486
Clarkson University,3.14252660638
Colgate University,3.01545457691
Metropolitan College of New York,2.48113774508
Columbia University in the City of New York,4.21561283579
Concordia College-New York,2.44811765345
Cooper Union for the Advancement of Science and Art,2.98775318499
Cornell University,3.78052559279
CUNY Bernard M Baruch College,3.04818236477
CUNY Brooklyn College,2.56554002266
College of Staten Island CUNY,2.4883208499
CUNY City College,2.50271801599
CUNY Hunter College,2.50771038869
CUNY John Jay College of Criminal Justice,2.69804079118
CUNY Lehman College,2.57997488505
CUNY Queens College,2.59919912771
CUNY York College,2.40736649399
D'Youville College,2.92860747911
Daemen College,2.79426110782
Dominican College of Blauvelt,3.03007251741
Dowling College,2.38452457462
Elmira College,2.31035871925
Fashion Institute of Technology,2.54473086473
Five Towns College,1.6437714618
Fordham University,2.70226705762
Hilbert College,2.29103282528
Hobart William Smith Colleges,2.28823009307
Hofstra University,2.6095940201
Houghton College,2.22401791015
Iona College,2.56821284007
Ithaca College,2.31918209461
The Juilliard School,1.88393744816
Keuka College,2.19855812702
LIM College,2.18537860927
Le Moyne College,2.61875753389
LIU Brooklyn,2.44482815749
LIU Post,2.69475728259
LIU Hudson at Rockland,2.69449714388
LIU Brentwood,2.69441022894
Manhattan College,3.02614560124
Manhattan School of Music,1.50915525839
Manhattanville College,2.38191795801
Marist College,2.45311376496
Medaille College,2.32317421276
Mercy College,2.18899438643
Molloy College,3.10345480843
Monroe College,1.83103841305
Mount Saint Mary College,2.42612465679
College of Mount Saint Vincent,2.5721900066
Nazareth College,2.35869298813
The College of New Rochelle,2.15879287053
The New School,2.18511050396
New York University,2.86103946724
Niagara University,2.17800189471
New York Institute of Technology,2.55164717314
New York School of Interior Design,3.15744920941
Nyack College,2.4677805128
Pace University-New York,2.98345031292
Polytechnic Institute of New York University,3.24485693461
Pratt Institute-Main,1.97792540751
Rabbinical College of Ch'san Sofer New York,1.4152258935
Rensselaer Polytechnic Institute,3.41546581571
Roberts Wesleyan College,2.38059956705
Rochester Institute of Technology,2.59990564078
University of Rochester,2.53263991366
The Sage Colleges,2.1511819837
St Bonaventure University,2.34356308667
St Francis College,2.77338942657
St Lawrence University,2.29257560629
The College of Saint Rose,2.19674271775
St Thomas Aquinas College,2.48966110138
Sarah Lawrence College,1.64377174147
Siena College,2.73483500939
Skidmore College,2.18079874291
Saint Joseph's College-New York,2.94594721573
Saint John Fisher College,2.22711758312
St John's University-New York,2.75378348284
SUNY at Albany,2.6555140429
SUNY at Binghamton,3.0126002599
University at Buffalo,2.60859916594
Stony Brook University,2.76106598918
SUNY College of Environmental Science and Forestry,2.30168857099
SUNY Institute of Technology at Utica-Rome,2.82581181418
SUNY College at Brockport,2.18108602901
Buffalo State SUNY,2.02125112352
SUNY College at Cortland,2.2646050598
SUNY at Fredonia,2.06213646119
SUNY College at Geneseo,2.49053313836
State University of New York at New Paltz,2.15642721054
SUNY Oneonta,2.15004011874
SUNY College at Oswego,2.17224363891
SUNY College at Potsdam,1.93037443569
SUNY at Purchase College,1.79403803197
SUNY College of Optometry,4.88081648439
SUNY College at Old Westbury,2.25000557627
SUNY College at Plattsburgh,2.17358177284
SUNY Downstate Medical Center,4.5899116572
SUNY Empire State College,2.32829687373
SUNY Maritime College,3.41822787045
Upstate Medical University,4.22863645994
Swedish Institute a College of Health Sciences,2.02475024642
Syracuse University,2.51420783054
Touro College,2.00534454977
United States Merchant Marine Academy,4.23144908596
Utica College,2.2550102894
School of Visual Arts,1.84897043954
Wagner College,2.69116569596
Yeshiva of Nitra Rabbinical College,1.5705207446
Yeshiva University,2.82980708361
Yeshivath Viznitz,0.827661900044
Appalachian State University,2.11167298797
Barton College,2.02455398096
Campbell University,2.68766499842
Catawba College,2.18873375835
Chowan University,1.86478848508
Duke University,3.81641766471
East Carolina University,2.21629111645
Elizabeth City State University,1.73983276065
Elon University,2.3232126832
Fayetteville State University,1.80166865517
Gardner-Webb University,2.18442215097
Greensboro College,1.97530773864
High Point University,2.26300965529
Laurel University,2.55800279692
Lenoir-Rhyne University,2.18110908792
Mars Hill University,1.86425530433
Meredith College,2.1164815751
Methodist University,2.13684168202
Montreat College,2.61114207536
North Carolina A & T State University,2.01991661346
University of North Carolina at Asheville,1.90929483151
University of North Carolina at Chapel Hill,2.8566488946
University of North Carolina at Charlotte,2.27509493117
University of North Carolina at Greensboro,2.08532771251
North Carolina Central University,1.77849400055
University of North Carolina School of the Arts,1.63873036566
North Carolina State University at Raleigh,2.67210405778
University of North Carolina Wilmington,2.24260321786
University of North Carolina at Pembroke,1.93235638906
Pfeiffer University,2.18749767722
Piedmont International University,1.68249283019
Queens University of Charlotte,2.41985471567
Salem College,1.94458715339
Shaw University,1.67560271189
Wake Forest University,2.9008945396
Warren Wilson College,1.35174372824
Wingate University,2.1082298153
Winston-Salem State University,1.91193412822
Western Carolina University,2.1643516513
University of Jamestown,2.06082217893
University of Mary,2.45284391783
Minot State University,2.00524337798
University of North Dakota,2.50636685276
North Dakota State University-Main Campus,2.56153278738
Valley City State University,1.98142951992
University of Akron Main Campus,1.89106205842
Art Academy of Cincinnati,1.44289855143
Ashland University,2.07255032502
Baldwin Wallace University,2.24898171141
Bluffton University,2.08668999855
Bowling Green State University-Main Campus,2.09808154541
Capital University,2.13053805882
Case Western Reserve University,3.30254158796
Cedarville University,2.14161606494
Central State University,1.44443757948
Cincinnati Christian University,1.61245791358
University of Cincinnati-Main Campus,2.22676854642
University of Cincinnati-Clermont College,2.29155054407
University of Cincinnati-Blue Ash College,2.29263729255
Ohio Christian University,1.73467960344
Cleveland State University,2.15894944575
Columbus College of Art and Design,1.47991736461
University of Dayton,2.56020935851
Defiance College,1.94120940897
The University of Findlay,2.2965866689
Franklin University,2.88369570005
Heidelberg University,2.08060125228
Hiram College,2.17664274351
John Carroll University,2.45663594478
Kent State University at Kent,1.84882920865
Kettering College,3.51389103916
Lake Erie College,1.88613045675
Lourdes University,2.04309413852
Malone University,2.22188096209
Marietta College,2.09639545244
Miami University-Hamilton,2.4438514371
Miami University-Middletown,2.44070418999
Miami University-Oxford,2.36997633356
Mount Carmel College of Nursing,3.18185176047
University of Mount Union,1.99104457233
Mount Vernon Nazarene University,2.38492859977
College of Mount St Joseph,2.26167777378
Muskingum University,1.90068995754
Notre Dame College,2.11836356903
University of Northwestern Ohio,2.09707451303
Oberlin College,1.60458582925
Ohio Dominican University,2.27181445794
Ohio Northern University,3.10412594749
Ohio State University-Main Campus,2.2323946923
Ohio University-Main Campus,2.05256557352
Otterbein University,2.0291551257
University of Rio Grande,1.72122382396
Shawnee State University,1.71601201893
Franciscan University of Steubenville,1.91431572527
Tiffin University,2.00118278689
University of Toledo,2.20080614231
Union Institute & University,3.22452374472
Urbana University,1.96798279384
Ursuline College,2.42692689964
Walsh University,2.10653509767
Wilberforce University,1.9782831949
Wilmington College,1.951636855
Wright State University-Main Campus,2.04226310948
Wright State University-Lake Campus,2.07276990437
Xavier University,2.36511115114
Youngstown State University,1.83283537484
Oklahoma Wesleyan University,2.4680106795
Southern Nazarene University,2.55023089572
Cameron University,1.93958389551
University of Central Oklahoma,2.12231779314
East Central University,1.92708081053
Hillsdale Free Will Baptist College,1.6820661209
Langston University,1.62652395693
Northeastern State University,1.98109555509
Northwestern Oklahoma State University,2.0645408984
Oklahoma Christian University,1.97701536652
University of Oklahoma-Health Sciences Center,3.56588515719
Oklahoma State University-Main Campus,2.28356246062
Oklahoma Baptist University,1.85472986844
Oklahoma City University,2.14166009478
University of Oklahoma-Norman Campus,2.40947570671
Oral Roberts University,1.74772893368
Saint Gregory's University,1.84647298973
Southeastern Oklahoma State University,2.01951647858
Southwestern Oklahoma State University,2.27842865493
University of Tulsa,2.18019564584
Concordia University-Portland,2.40797469863
Eastern Oregon University,1.95073421325
George Fox University,2.34081532235
Lewis & Clark College,1.85825109452
Marylhurst University,2.02022591177
Multnomah University,1.69878070212
Northwest Christian University,2.02727754601
Oregon Health & Science University,4.09666513193
Oregon Institute of Technology,2.57380263731
Oregon State University,2.33684286158
University of Oregon,2.10219414233
Pacific Northwest College of Art,1.21397556108
Pacific University,2.07535639561
Portland State University,2.18046644722
University of Portland,2.43196958087
Reed College,1.53905371877
Southern Oregon University,1.87021399951
Warner Pacific College,1.80802128005
Corban University,1.94967232312
Willamette University,2.00827458542
Western Oregon University,1.97114601773
University of Western States,2.69201476391
Albright College,2.26926077213
DeSales University,2.46568753753
Alvernia University,2.14119924922
Baptist Bible College & Seminary of Pennsylvania,1.59947244079
Arcadia University,2.2356783089
Bloomsburg University of Pennsylvania,2.18988305999
Bryn Mawr College,2.12625644422
Bucknell University,2.92147073276
Cabrini College,2.21375666208
California University of Pennsylvania,1.74977552896
Carlow University,2.08173902656
Carnegie Mellon University,3.22604643888
Cedar Crest College,2.11243972728
Chatham University,1.70020006828
Chestnut Hill College,2.29100092331
Cheyney University of Pennsylvania,1.49712531127
Clarion University of Pennsylvania,1.79129073398
Delaware Valley College,2.0875560226
The Dickinson School of Law of the Pennsylvania State University,2.25631910639
Drexel University,2.67325077962
Duquesne University,2.77646138451
East Stroudsburg University of Pennsylvania,2.10447900781
Eastern University,2.45979756237
Edinboro University of Pennsylvania,1.69263419319
Elizabethtown College,2.2470348869
Gannon University,2.22669808831
Geneva College,1.99415910232
Gwynedd Mercy University,2.88863497768
Holy Family University,2.36668523905
Immaculata University,2.69844337986
Indiana University of Pennsylvania-Main Campus,1.7200678562
Juniata College,2.0693458041
Keystone College,1.60631405731
King's College,2.3006113326
Kutztown University of Pennsylvania,1.99216360055
La Roche College,1.85658758545
La Salle University,2.54480781807
Lancaster Bible College,1.66445552289
Lebanon Valley College,2.06625644671
Lehigh University,3.19669132313
Lincoln University of Pennsylvania,1.55165032654
Lock Haven University,1.92317160468
Mansfield University of Pennsylvania,1.88200496534
Marywood University,1.97779502939
Mercyhurst University,1.92628743274
Messiah College,1.99572718282
Millersville University of Pennsylvania,2.03630474654
Misericordia University,2.44218162476
Moore College of Art and Design,1.62506867564
Moravian College,2.18999416162
Mount Aloysius College,1.8935380218
Neumann University,2.21023270664
Salus University,4.6245987807
Pennsylvania State University-Penn State Erie-Behrend College,2.19605530982
Pennsylvania State University-Penn State Great Valley,2.19593587557
Pennsylvania State University-College of Medicine,2.19586869814
Pennsylvania State University-Penn State Lehigh Valley,2.23304589824
Pennsylvania State University-Penn State Berks,2.20215513537
Pennsylvania State University-Penn State Harrisburg,2.20244531019
Pennsylvania State University-Main Campus,2.13703934215
Pennsylvania State University-Penn State Abington,2.23018975983
Pennsylvania State University-Penn State York,2.22894679142
University of Pennsylvania,4.21811959622
Philadelphia University,2.21159577472
The University of the Arts,1.36963278163
Cairn University-Langhorne,1.65246055177
University of the Sciences,4.61232824677
University of Pittsburgh-Pittsburgh Campus,2.28305075458
Point Park University,1.81578016242
Robert Morris University,2.09539412468
Rosemont College,2.33532008314
Saint Francis University,2.4062239511
Saint Joseph's University,2.56546996053
Saint Vincent College,1.99004657153
Saint Vincent Seminary,1.98993841979
University of Scranton,2.40954784579
Seton Hill University,1.95569322391
Shippensburg University of Pennsylvania,2.12758712816
Slippery Rock University of Pennsylvania,1.83489965768
Temple University,2.24592660913
Thomas Jefferson University,3.742125007
Valley Forge Christian College,1.40214307411
Villanova University,2.9940115467
Waynesburg University,2.13077791986
West Chester University of Pennsylvania,2.18505677241
Westminster College,1.99747394509
Widener University-Main Campus,2.36248548499
Wilkes University,2.58925898389
Wilson College,1.5448799031
York College Pennsylvania,2.22518596408
Brown University,2.94263863641
Bryant University,2.64893660989
Johnson & Wales University-Providence,1.7678956198
New England Institute of Technology,2.11850976054
Providence College,2.48413665889
Rhode Island College,1.88384216702
University of Rhode Island,2.40020132491
Rhode Island School of Design,1.7257523233
Roger Williams University,2.14381620138
Salve Regina University,2.19632100836
Anderson University,1.62983566618
Charleston Southern University,1.89156794375
Southern Wesleyan University,2.43939796237
College of Charleston,1.82309139765
Citadel Military College of South Carolina,2.27992858548
Claflin University,1.42496284274
Clemson University,2.45424872104
Columbia International University,1.49843992528
Columbia College,1.60612631981
Converse College,1.59393041313
Erskine College,1.84517633776
Francis Marion University,1.63599157823
Furman University,1.85691098497
Lander University,1.6970180744
Medical University of South Carolina,4.38622883234
North Greenville University,1.63966206927
University of South Carolina-Aiken,1.95541010279
University of South Carolina-Columbia,2.16466339507
Coastal Carolina University,1.77907106389
South Carolina State University,1.5409475069
University of South Carolina-Upstate,1.78316261584
Winthrop University,1.70072678675
Augustana College,2.0277589418
Black Hills State University,1.70019595444
Dakota State University,1.8866178598
Dakota Wesleyan University,1.74732789559
Mount Marty College,1.74439386315
National American University-Rapid City,2.21033189926
Northern State University,1.67243445455
Oglala Lakota College,1.07483378974
South Dakota School of Mines and Technology,2.6357268093
South Dakota State University,2.21873170802
Sinte Gleska University,0.925711365502
University of Sioux Falls,2.03324270588
University of South Dakota,2.18007273217
Austin Peay State University,1.78613081473
Belmont University,1.9094095402
Bethel University,2.08039360206
Bryan College-Dayton,1.72684602227
Carson-Newman University,1.78491988777
Christian Brothers University,2.54076501745
Cumberland University,1.96815690568
Lipscomb University,1.97409692649
East Tennessee State University,1.7314637749
Fisk University,1.52093273617
Freed-Hardeman University,1.67735996322
Johnson University,1.60576261307
King University,1.72883048598
South College,1.31262619601
Lee University,1.65332259261
Lincoln Memorial University,2.03137971303
Memphis College of Art,1.12077278325
University of Memphis,1.9155257737
Middle Tennessee State University,1.88660533575
Milligan College,1.89834971003
Rhodes College,2.08191232872
Sewanee-The University of the South,2.06907092051
Southern Adventist University,1.86888259738
Southern College of Optometry,4.56058906809
The University of Tennessee-Chattanooga,1.98827647526
The University of Tennessee-Knoxville,2.2769105309
The University of Tennessee-Martin,1.75602283068
Tennessee State University,1.90194206607
Tennessee Technological University,2.09816142456
Tennessee Temple University,1.48558270653
Trevecca Nazarene University,2.27627023796
Tusculum College,2.41002573782
Union University,2.02412484234
Vanderbilt University,2.9607107089
Abilene Christian University,1.93200668539
Angelo State University,1.92557521418
Arlington Baptist College,1.62567780871
Austin College,2.00515118671
Baylor University,2.18233656573
Concordia University-Texas,1.99344077243
Texas A & M University-Corpus Christi,2.06354598479
Dallas Baptist University,2.19428361099
Dallas Christian College,1.93043555902
University of Dallas,2.05839731616
East Texas Baptist University,1.75532159863
Texas A & M University-Texarkana,1.8814526562
Texas A & M University-Commerce,1.93511356008
South University-The Art Institute of Dallas,1.79702090359
Hardin-Simmons University,1.86878992197
Houston Baptist University,2.21314589588
University of Houston-Clear Lake,2.34241595017
University of Houston-Downtown,1.96976860573
University of Houston-Victoria,2.12170387413
University of Houston,2.33901315813
Howard Payne University,1.70029449942
Huston-Tillotson University,1.59956881325
University of the Incarnate Word,2.1446461863
Lamar University,1.96914399397
Texas A & M International University,2.2653879458
LeTourneau University,2.88815887728
Lubbock Christian University,2.00225420128
University of Mary Hardin-Baylor,1.97228328354
Midwestern State University,1.99666739352
University of North Texas,2.06839534911
Northwood University-Texas,2.39115680906
Our Lady of the Lake University,1.93905858317
The University of Texas-Pan American,1.96097476982
The University of Texas at Brownsville,1.68910535598
Prairie View A & M University,1.60417483544
Rice University,3.01856596797
Saint Edward's University,2.30078920569
University of St Thomas,2.15718226773
Sam Houston State University,2.01619875104
Schreiner University,1.66183293887
St Mary's University,2.06706855705
Southern Methodist University,2.4419018363
Southwestern Assemblies of God University,1.65310844156
Stephen F Austin State University,1.8709216996
Texas State University,2.11747600961
Southwestern Adventist University,1.89388365395
Sul Ross State University,1.77235003714
Tarleton State University,2.06537703376
University of Texas Southwestern Medical Center,3.40514213133
The University of Texas Health Science Center at San Antonio,3.67908993349
The University of Texas Medical Branch,3.67793019853
Texas A & M University-Kingsville,1.79020000371
Texas A & M University-College Station,2.57790262182
The University of Texas at Arlington,2.33647227202
The University of Texas at Austin,2.37138937878
The University of Texas at Dallas,2.46871827855
The University of Texas at El Paso,1.92847226322
The University of Texas at Tyler,2.34584443861
Texas Christian University,2.36219709467
Texas Lutheran University,1.9740070369
The University of Texas of the Permian Basin,2.18070224341
The University of Texas at San Antonio,2.02676636144
Texas Southern University,1.63352369063
Texas Tech University,2.19072290147
Texas Wesleyan University,1.98078380299
Texas Woman's University,2.28863020325
Trinity University,2.23771552806
The University of Texas Health Science Center at Houston,3.73560592233
Texas Tech University Health Sciences Center,3.737686759
Wayland Baptist University,2.23544950421
West Texas A & M University,1.91800617665
Brigham Young University-Provo,2.56144251785
Brigham Young University-Hawaii,1.9232975531
Broadview University-West Jordan,1.61288841073
Southern Utah University,1.89594116061
Utah State University,1.98090703806
Utah Valley University,2.00449844522
University of Utah,2.49181542183
Weber State University,2.09532828221
Westminster College,2.1591574045
Bennington College,1.39910195016
Burlington College,1.21022404803
Castleton State College,1.69013021536
Champlain College,1.7661386846
Goddard College,1.10801801196
Green Mountain College,1.39363656004
Johnson State College,1.42443952914
Lyndon State College,1.54867604124
Middlebury College,2.37222107835
Norwich University,1.91910742557
Saint Michael's College,1.80892411712
College of St Joseph,1.66279742958
University of Vermont,2.00119039326
Averett University,2.15847552547
College of William and Mary,2.43980520043
Christopher Newport University,1.83298088814
Jefferson College of Health Sciences,2.55017249115
Emory & Henry College,1.80253576546
Eastern Mennonite University,1.87638950382
George Mason University,2.55412340485
Hampton University,2.02307092173
Hollins University,1.50072016723
James Madison University,2.46150411432
Liberty University,1.72287542618
Longwood University,2.0974779971
Lynchburg College,1.98852625385
Mary Baldwin College,1.74025693309
University of Mary Washington,2.25597688673
Marymount University,2.2771497363
American National University,1.13364881047
Norfolk State University,1.54307673901
Old Dominion University,2.08958764701
Radford University,2.00847424108
Randolph College,1.6611478064
University of Richmond,2.69427353426
Shenandoah University,2.06595325856
Sweet Briar College,1.66712127756
Virginia Polytechnic Institute and State University,2.47611511882
Virginia Commonwealth University,1.93241745681
University of Virginia-Main Campus,2.82909311048
Virginia State University,1.53918148402
Virginia Union University,1.41811514605
Washington and Lee University,3.1082666935
Central Washington University,2.05837888348
City University of Seattle,2.47446391561
Cornish College of the Arts,1.25731570493
Eastern Washington University,1.96913075237
The Evergreen State College,1.50623503966
Gonzaga University,2.00285353215
Heritage University,1.67871204071
Bastyr University,1.66154142121
Northwest University,1.83380415046
Pacific Lutheran University,2.013897527
University of Puget Sound,2.0845489042
Saint Martin's University,2.12728599165
Seattle Pacific University,2.01624902448
Seattle University,2.36357587429
Walla Walla University,2.04367429145
Washington State University,2.17978676483
University of Washington-Seattle Campus,2.36779128843
Western Washington University,1.91828581511
Whitworth University,1.81401313989
Alderson Broaddus University,2.2043863875
Appalachian Bible College,1.33327955133
Bethany College,1.6974778605
University of Charleston,1.94299070077
Concord University,1.46906370647
Fairmont State University,1.57423617014
Marshall University,1.72358270503
Ohio Valley University,1.66752471925
Salem International University,1.41298669634
Shepherd University,1.88196063211
West Virginia State University,1.46971679627
West Liberty University,1.59445710882
West Virginia Wesleyan College,1.78192251113
West Virginia University,2.08114817574
Wheeling Jesuit University,2.21464661828
Alverno College,1.8599211162
Madison Area Technical College,1.8276078673
Bellin College,2.85904192011
Cardinal Stritch University,2.55845396042
Carroll University,1.9917195521
Carthage College,1.7705085248
Concordia University-Wisconsin,2.26400703253
Edgewood College,1.85070559107
Lakeland College,1.90314051671
Maranatha Baptist University,1.41027966541
Marian University,2.01971219891
Marquette University,2.38572407779
Milwaukee School of Engineering,2.71686507631
Mount Mary University,1.81368498193
Saint Norbert College,1.96927060469
Silver Lake College of the Holy Family,2.03191051531
Viterbo University,1.94956977507
University of Wisconsin-Whitewater,1.96040398482
University of Wisconsin-Eau Claire,2.01117314641
University of Wisconsin-Green Bay,1.94913578988
University of Wisconsin-La Crosse,2.00967461563
Wisconsin Lutheran College,1.55949461996
University of Wisconsin-Oshkosh,1.93756488273
University of Wisconsin-Parkside,1.90317456354
Herzing University-Madison,2.05098984503
University of Wisconsin-Stout,2.01174914047
University of Wisconsin-Superior,1.69134426078
University of Wisconsin-Madison,2.24307421676
University of Wisconsin-Milwaukee,1.94230439238
University of Wisconsin-Platteville,2.15032263801
University of Wisconsin-River Falls,1.89208301744
University of Wisconsin-Stevens Point,1.80856921161
University of Wyoming,2.19665340917
University of Guam,1.40515597718
American University of Puerto Rico,1.30511243776
American University of Puerto Rico,1.30451657553
Universidad Adventista de las Antillas,1.45764008089
Atlantic University College,1.19628857506
Bayamon Central University,1.09475461153
Columbia Centro Universitario-Caguas,1.28716462463
Carlos Albizu University-San Juan,1.52210329075
Caribbean University-Bayamon,1.1516709208
Caribbean University-Carolina,1.15074876286
Pontifical Catholic University of Puerto Rico-Arecibo,1.04037348116
Pontifical Catholic University of Puerto Rico-Ponce,1.03609292013
Universidad Metropolitana,1.08325821703
Inter American University of Puerto Rico-San German,1.28613288616
Inter American University of Puerto Rico-Aguadilla,1.28590991044
Inter American University of Puerto Rico-Arecibo,1.28361330073
Inter American University of Puerto Rico-Barranquitas,1.28740112203
Inter American University of Puerto Rico-Metro,1.28122721028
Inter American University of Puerto Rico-Ponce,1.28711214141
Inter American University of Puerto Rico-Fajardo,1.28777716936
Inter American University of Puerto Rico-Guayama,1.28501242203
Inter American University of Puerto Rico-Bayamon,1.28678427261
Inter American University of Puerto Rico-School of Law,1.2866889754
National University College-Bayamon,0.994845914939
University of Puerto Rico-Mayaguez,1.47118617049
University of Puerto Rico-Medical Sciences,1.47487352629
University of Puerto Rico-Rio Piedras,1.48420183449
Universidad Del Este,1.1477474531
Universidad del Sagrado Corazon,1.00249671674
Universidad Politecnica de Puerto Rico,1.25874661609
Pontifical Catholic University of Puerto Rico-Mayaguez,1.03027782558
Universidad Del Turabo,1.25861799163
University of the Virgin Islands,1.29797136753
Stanford University,4.03180485895
Purdue University-Main Campus,2.30431082933
Parker University,2.27925183265
EDP Univeristy of Puerto Rico Inc-San Juan,1.19087336002
Widener University-Delaware Campus,2.2338813591
St John's College,1.12692176641
Antioch University-Los Angeles,1.73156060734
Antioch University-Santa Barbara,1.73150853747
Antioch University-New England,1.73140042945
Antioch University-Seattle,1.7312922898
Antioch University-Midwest,1.73125792524
Mid-America Christian University,1.94336221217
ECPI University,1.94010713543
South University-Columbia,1.62818687107
Kaplan University-Davenport Campus,1.53315405236
Kaplan University-Cedar Falls Campus,1.63547658542
Bethel Seminary-San Diego,1.99534772984
Brandman University,2.29221661867
University of the District of Columbia-David A Clarke School of Law,1.24317369797
Caribbean University-Ponce,0.729667006599
Caribbean University-Vega Baja,0.729542274104
University of Advancing Technology,1.46719350339
California State University-San Marcos,1.5619390241
Argosy University-Hawaii,1.90337781372
Kaplan University-Des Moines Campus,1.18100840012
McNally Smith College of Music,0.912515313289
Hodges University,1.53736994636
Argosy University-Atlanta,1.89502240303
University of Phoenix-Online Campus,1.66366274671
University of Phoenix-San Diego Campus,1.77282521789
University of Washington-Bothell Campus,1.58019073007
University of Washington-Tacoma Campus,1.58184383397
Center for Advanced Legal Studies,1.16342930786
University of Phoenix-Utah Campus,1.74833505357
Baker College of Port Huron,0.997419830821
University of Phoenix-Puerto Rico Campus,1.74854503252
Everest University-South Orlando,0.875301979413
Colorado Technical University-Sioux Falls,1.26871227802
Widener University-Harrisburg Campus,1.45187763421
Baker College of Auburn Hills,0.937200541203
Baker College of Clinton Township,0.936644945966
Inter American University of Puerto Rico-School of Optometry,0.740348537108
Baker College of Cadillac,0.93532318014
University of Phoenix-Southern Arizona Campus,1.67613456483
University of Phoenix-Colorado Campus,1.67747732535
University of Phoenix-Albuquerque Campus,1.67834170948
University of Phoenix-Bay Area Campus,1.67671834069
Arizona State University-West,1.51640595017
Florida National University-Main Campus,0.770479849006
Roger Williams University School of Law,1.31886660335
California State University-Monterey Bay,1.32050343372
Baker College of Jackson,0.916017681527
Baker College Center for Graduate Studies,0.909118790611
Trine University-Regional/Non-Traditional Campuses,1.30402235651
New York College of Health Professions,1.12761591893
Argosy University-Washington DC,1.67142770796
University of Phoenix-Sacramento Valley Campus,1.63774413375
Everest University-Melbourne,0.820830538877
University of Phoenix-Hawaii Campus,1.63606285772
Virginia College-Birmingham,0.903641944976
Arizona State University-Polytechnic,1.46374635502
Argosy University-Schaumburg,1.6691715382
University of Phoenix-Louisiana Campus,1.63508915369
University of Phoenix-Detroit Campus,1.6331489429
Midwestern University-Glendale,2.54627736304
Embry-Riddle Aeronautical University-Worldwide,1.4820631331
Ottawa University-Milwaukee,1.36589414067
Argosy University-Tampa,1.6377028274
Colorado Technical University-Greenwood Village,1.18185039478
University of Phoenix-Western Washington Campus,1.6081762077
University of Phoenix-Central Florida Campus,1.60845623893
University of Phoenix-Oregon Campus,1.60800964982
LIU Hudson at Westchester,1.22640398352
American University of Health Sciences,1.00793397646
Santa Barbara Business College-Ventura,1.00369865585
Florida Gulf Coast University,1.38561893899
University of Phoenix-South Florida Campus,1.60049276948
University of Phoenix-North Florida Campus,1.60083291651
University of Phoenix-West Florida Campus,1.60083328589
University of Phoenix-Maryland Campus,1.60134433232
University of Phoenix-Oklahoma City Campus,1.60172669015
University of Phoenix-Tulsa Campus,1.60048234032
Argosy University-Phoenix,1.61277972824
Argosy University-Orange County,1.6082077913
University of Connecticut-Tri-Campus,1.40870948954
University of Connecticut-Avery Point,1.40870340969
University of Connecticut-Stamford,1.40904586266
Stevens-Henager College-Murray,0.955927813776
University of Phoenix-West Michigan Campus,1.59059114863
Stratford University,1.42158200447
American InterContinental University-Atlanta,1.35646603602
American InterContinental University-South Florida,1.35685932142
Argosy University-Seattle,1.59867403572
University of Phoenix-St Louis Campus,1.58247469742
University of Phoenix-Cleveland Campus,1.58296051227
Marlboro College-Graduate School,0.62956209972
University of Phoenix-Boston Campus,1.58009490547
University of Phoenix-Dallas Campus,1.58056214241
University of Phoenix-Houston Campus,1.5803748684
University of Phoenix-Milwaukee Campus,1.5800476175
University of Phoenix-Idaho Campus,1.58049111408
Oregon State University-Cascades Campus,1.22618802187
Southern University Law Center,0.722178248471
San Diego State University-Imperial Valley Campus,1.32363783857
University of Phoenix-Kansas City Campus,1.57603466705
University of Phoenix-Atlanta Campus,1.57858561162
University of Phoenix-Chicago Campus,1.57688792851
University of Phoenix-Nashville Campus,1.57744705325
Argosy University-Dallas,1.57649797758
Ottawa University-Jeffersonville,1.3151038844
University of Phoenix-Charlotte Campus,1.57386665084
University of Phoenix-Indianapolis Campus,1.5728330487
University of Phoenix-Columbus Georgia Campus,1.5717161408
University of Phoenix-Memphis Campus,1.57222390339
University of Phoenix-Little Rock Campus,1.57159583226
Baker College of Allen Park,0.848191590197
American InterContinental University-Houston,1.32961900715
University of California-Merced,1.43795407995
Central Methodist University-College of Graduate and Extended Studies,0.911078548351
University of Phoenix-Minneapolis St Paul Campus,1.56678384819
University of Phoenix-Louisville Campus,1.56856362968
University of Phoenix-Central Valley Campus,1.56761907335
University of Phoenix-San Antonio Campus,1.56327790164
University of Phoenix-Austin Campus,1.56347382275
University of Phoenix-Raleigh Campus,1.56405876011
Argosy University-Los Angeles,1.05790690848
University of Phoenix-Savannah Campus,1.56210486131
University of Phoenix-Northern Nevada Campus,1.56235519644
